20200618_C_N1N_CD45_CGDA7928_34_S34	20200618_C_N1R_CD45_CGDA7928_33_S33	20200618_C_N2N_CD45_CGDA7928_36_S36	20200618_C_N2R_CD45_CGDA7928_35_S35	20200618_C_P2N_CD45_CGDA7928_40_S38	20200618_C_P2R_CD45_CGDA7928_39_S37	20200618_D_N1N_CD45_CGDA7928_42_S40	20200618_D_N1R_CD45_CGDA7928_41_S39	20200618_D_N2R_CD45_CGDA7928_43_S41	20200618_D_P1N_CD45_CGDA7928_46_S44	20200618_D_P1R_CD45_CGDA7928_45_S43	20200618_D_P2N_CD45_CGDA7928_48_S46	20200618_D_P2R_CD45_CGDA7928_47_S45
ABCB4	75.7717174176572	100.622345818725	273.546435726712	266.706778123193	427.865047751531	234.486078476795	439.926709604364	97.4195357658182	97.9459650831134	150.069594793571	91.4579927110436	82.5981601710324	237.366143570232
ABCB9	2.95214483445417	44.2991459579292	74.1081977267586	31.3772680144932	71.1256183275272	98.3649227508588	50.444929367967	0	0	25.7025272850868	10.7597638483581	28.9093560598614	108.21103603937
ACAP1	3005.28344147435	8856.0321219323	3778.42825762753	5280.60963467442	5196.61548905496	7760.89304653493	4389.88199290541	9034.87630086217	5100.31352723703	6319.5052569978	7248.49424584388	7251.08598601451	4519.55609393467
ACHE	120.05388993447	360.721617085995	394.517170251274	580.479458268125	709.033507702537	300.062693644034	841.139868763543	6.28513133973021	490.620243279959	198.158194230185	294.10021185512	227.144940470339	486.076992531688
ACP5	3858.45329863161	6494.88764237467	7877.26548777958	9583.90965677978	3357.35145261656	6108.56106133616	3555.78095149554	4947.96964720261	5392.37058675759	4785.64475772649	5020.3264822464	3755.11885677556	3342.32474218378
ADAM28	35.4257380134501	12.0240539028665	2.17965287431643	0	0	0.993585078291503	17.5970683841745	26.7118081938534	0	2.48734135016969	0.896646987363172	17.5521090363444	0
ADAMTS3	192.873462517673	103.786570530005	186.360320754055	66.4459793248092	88.907022909409	135.127570647644	377.750401313614	0	292.947477384948	55.5506234871231	109.390932458307	24.7794480513097	95.9936610026673
ADRB2	1099.1819266951	930.282065116513	1949.69949607605	1434.12572042713	965.752536353455	952.848090081551	1683.45287541937	263.975516268669	1016.8572011356	867.253017425833	1090.32273663362	889.995175842875	1375.32736127458
AIF1	1434.74238954473	3114.22996084242	7584.10217618402	5868.47197953419	4529.81281723439	3143.70318771431	3061.88989884637	13761.2950683393	2409.47074104459	3060.25897449211	3479.88695795647	3488.73979022398	5444.58591814219
ALOX15	6.88833794705974	31.6422471128066	342.20550126768	239.020953404522	471.207221419868	117.243039238397	118.486927120109	36.1395052034487	177.193155013996	70.4746715881413	48.4189373176113	51.6238501068953	266.164241871032
ALOX5	99.3888760932905	212.003055655804	3037.34628035995	3163.56690452008	3153.97663771128	1267.81455989996	2964.51945378727	1099.89798445279	877.061596426061	776.879615036334	638.412655002579	908.579761881357	2707.02124027522
AMPD1	29.5214483445417	0.632844942256131	7.62878506010751	1.84572164791137	0	7.94868062633202	26.982171522401	1.57128283493255	0	6.63291026711918	9.86311686099489	3.09743100641372	6.98135716383035
ANGPT4	94.4686347025336	14.555433671891	22.8863551803225	85.8260566278786	66.6802671820567	42.7241583665346	15.2507925996179	0	76.5759363377068	7.46202405050908	31.382644557711	10.3247700213791	28.7980983008002
ANKRD55	7.87238622521113	10.7583640183542	11.9880908087404	8.30574741560115	6.66802671820567	14.9037761743725	0	0	0	9.12025161728887	14.3463517978108	0	14.8353839731395
APOL9A	1659.10539696325	152.515631083728	178.731535693947	215.94943280563	112.245116423129	176.858143935887	96.1973071668209	0	120.206411692912	152.556936143741	326.379503400195	239.534664495994	157.953205831662
AQP9	10.8245310596653	10.7583640183542	118.791081650245	73.8288659164547	97.7977252003499	60.6086897757817	30.5015851992359	1.57128283493255	11.5754322370952	42.2848029528848	18.8295867346266	38.2016490791025	140.499812922086
ARHGAP22	294.230435167266	255.669356671477	1359.01356713629	960.698117737867	1767.0270803245	436.18384936997	1679.93346174253	120.988778289807	811.170674461057	326.67083065562	572.060777937704	287.028606594338	906.703761652466
ARRB1	11.8085793378167	65.1830290523815	269.187129978079	247.326700820123	406.749629810546	128.172475099604	307.362127776915	34.5682223685161	181.645244335956	90.3734023894988	86.0781107868645	88.7930221838599	342.959170673166
ASGR2	1296.97563060353	781.563503686322	6778.7204391241	5661.75115496812	4350.8874336292	2690.62839201339	4571.71836620855	7058.20249451702	1800.4249218005	2830.59445649311	2612.82932117628	1677.7751284741	4838.95318417991
BACH2	1036.20283689342	1250.50160589812	328.037757584623	675.53412313556	440.089763401574	1455.60213969705	549.028533586246	850.064013698511	1103.22773398161	1172.36688971332	1246.33931243481	1227.61515554197	291.471661589917
BANK1	2837.99523418861	7031.54015340787	171.10275063384	3642.53167215308	150.030601159628	6730.54532034664	231.108164778826	6663.81050294895	3462.83507462025	5180.30291862008	4410.60653083944	6495.31282044956	271.400259743905
BCL11B	321.783786955505	966.987071767368	1428.76245911442	1032.68126200641	2025.96878454816	1433.74326797464	1871.15493818389	186.982657356974	745.279752496054	565.45560027191	974.655275263768	868.313158797979	1237.44555728893
BCL2A1	9153.61708336424	11219.7079812589	28917.4546835561	17443.9152944103	12549.2262836631	13098.4320871169	17025.750230635	25806.7492809322	15863.6846720068	13605.7571854282	15581.9313463972	9686.69923405783	21033.0837953299
BEND5	194.841559073976	607.531144565886	61.0302804808601	175.34355655158	44.4535114547045	460.029891248966	29.3284473069576	798.211680145736	193.220676573051	329.158172005789	289.616976918305	369.62676676537	19.1987322005335
BFSP1	61.0109932453863	22.7824179212207	58.8506276065436	66.4459793248092	33.3401335910284	42.7241583665346	15.2507925996179	0	0	0.829113783389897	35.8658794945269	11.357247023517	28.7980983008002
BIRC3	14865.0332897549	18464.5168802071	11048.66041991	15246.5836725718	12016.895483993	13209.7136158855	10459.6974475533	16702.736535333	14024.0813641731	17029.1679970451	15871.5483233155	13409.8113037671	10455.4550224814
BLK	984.048278151392	2726.29601123941	321.498798961674	1044.67845271783	545.666853106498	1482.42893681092	563.106188293586	886.203518901959	1279.53047113122	1721.24021431743	1839.02297108187	1992.68061412616	673.700966309628
BPI	0	4.42991459579292	0	0	1.11133778636761	5.96151046974902	0	0	0	0	0	3.09743100641372	0
BST1	472.343173512668	848.645067565472	950.328653201964	1028.98981871059	569.004946620218	689.548044334303	341.383126652986	909.772761425948	443.428096467186	902.904910111598	676.968475459195	595.739230233572	541.927849842331
C3AR1	45.266220794964	37.9706965353679	733.453192207479	514.956339767272	400.08160309234	109.294358612065	525.56577574068	15.7128283493255	240.412823385824	77.1075818552605	63.6619361027852	45.4289880940678	152.717187958789
C5AR1	472.343173512668	573.357517684055	8623.79659723296	6564.30904079678	7320.38199880346	2362.74531617719	6466.33606223801	3521.24483308385	1868.09667949429	897.101113627869	1085.8395016968	703.116838455914	4474.17727236977
C5AR2	321.783786955505	110.747864894823	188.539973628371	147.657731832909	145.585250014157	89.4226570462352	204.125993256425	163.413414832985	139.795604709535	57.2088510539029	108.494285470944	84.6631141753083	147.481170085916
CA8	261.75684198827	57.5888897453079	45.772710360645	12.9200515353796	24.4494313000875	110.287943690357	35.1941367683491	141.41545514393	78.3567720664907	50.5759407867837	131.807107142386	84.6631141753083	30.5434375917578
CAMP	11.8085793378167	12.6568988451226	135.138478207619	29.5315463665819	24.4494313000875	9.93585078291503	0	0	1.78083572878388	9.12025161728887	8.06982288626855	7.22733901496534	26.1800893643638
CCL12	39.3619311260557	65.1830290523815	192.899279377004	215.026571981674	45.5648492410721	79.4868062633202	24.6358957378444	282.830910287859	30.274207389326	8.29113783389897	54.6954662291535	52.6563271090332	77.6675984476126
CCL17	1028.3304506682	1554.90002312331	1293.6239809068	1269.85649376302	3172.86938007953	2226.62416045126	774.27100890368	8786.61361294283	2506.52628826331	2263.48062865442	2464.88256826136	2366.43728890008	2473.1457752869
CCL19	154.495579669768	30.3765572282943	1.08982643715822	22.1486597749364	0	49.6792539145751	0	78.5641417466276	38.2879681688534	33.1645513355959	43.9357023807954	79.5007291646187	0
CCL22	401.491697485768	634.7434770829	1554.09249938761	1589.16633885169	3260.66506520257	2613.12875590665	1813.67118146226	949.054832299261	2181.52376776025	1614.28453626013	2440.67309960255	2600.80956838538	2070.84506872118
CCL3	5793.09221347724	9916.04740021132	18619.6846788481	17476.2154232488	6122.35986509918	8468.32562227848	10020.9438758413	27283.7551457688	10709.9460729063	9832.46035722079	8950.33022785918	6696.64583586646	10266.0857094125
CCL4	1883.46840438176	1923.84862445864	16121.8024848815	10310.2011252329	5331.08736120544	3418.92625440106	4544.73619468615	1301.02218732415	6712.86027965083	3504.6639623891	4090.50355635079	2339.59288684449	8480.60361476291
CCL5	1413.0933274254	2752.24265387191	10587.6638369921	10808.545970169	5562.2456207699	3948.50710113043	8697.64433335134	12128.7322028444	5827.78492244525	1804.15159265642	2648.69520067081	2600.80956838538	11159.6994263828
CCL6	2771.07995127432	2568.71762061764	17727.1168268155	14299.7284671933	15101.9691789495	5467.69868583814	9395.66137925693	20407.821460104	5413.74061550299	4580.85365322918	6512.34706921872	4227.99332375472	12102.1826434999
CCL7	27371.302856781	10845.6966203856	109256.190151548	43591.3310195467	29469.34408111	25410.9383773052	27693.0930851216	83097.292725408	23054.6993448361	21867.8760369085	27681.2857938758	15580.077962261	41540.8204640815
CCL9	94.4686347025336	140.491577180861	348.744459890629	285.163994602306	494.545314933588	391.472520846852	547.855395693968	125.702626794604	448.770603653538	313.405010121381	386.454851553527	242.632095502408	466.005590685676
CCND2	3348.71629054919	3802.13241307484	4065.05261060014	5400.58154178866	3796.32987823176	4407.54340730111	4459.09712854983	9146.43738214239	7387.79702085992	4048.56260429287	4731.60615231546	3385.49209001019	4086.71194977719
CCR10	44.2821725168126	43.0334560734169	14.1677436830568	25.8401030707591	68.902942754792	80.4803913416117	59.8300325061935	6.28513133973021	24.0412823385824	45.6012580864444	43.0390553934323	74.3383441539292	88.1396341933581
CCR3	0	39.2363864198801	14.1677436830568	9.22860823955684	7.77936450457329	18.8781164875386	28.1553094146793	0	24.9317002029743	19.0696170179676	20.622880709353	15.4871550320686	20.944071491491
CCR5	387.715021591648	599.304160316556	2618.85292849119	1228.32775668501	2527.18212619995	1350.28212139815	1988.46872741172	659.938790671672	1655.28680990462	863.936562292273	852.711284982377	652.525465351156	2000.15882743739
CCR6	321.783786955505	1036.60001541554	200.528064437112	433.744587259171	338.958024842122	545.478207982035	403.559434943736	72.2790104068974	627.744594396318	768.588477202435	875.127459666456	482.166759998402	234.748134633795
CCR7	20526.2630339599	39161.0778717516	3935.36326457832	23567.0968613563	4267.53709965163	35998.5809715794	4896.67756236964	13016.5070045813	33765.5358356067	32065.1464588209	35191.6009600298	37011.2030956375	4149.54416425166
CD180	70.8514760269002	293.007208264589	365.091856448002	309.158376025154	218.93354391442	257.338535277499	287.418783608184	158.699566328188	392.674278196845	96.1771988732281	100.424462584675	144.546780299307	323.760438472632
CD19	6564.58606354793	14251.6680996081	69.7488919781258	4829.33069176009	70.0142805411596	8558.741864403	28.1553094146793	2831.45166854846	6287.24054047149	10670.694392228	10596.574096658	9586.54896485045	248.710848961456
CD1D1	679.977360202612	929.649220174257	1406.96593037126	1221.86773091733	1279.14979210912	758.105414736416	710.921562720652	3607.66538900514	757.745602597541	1057.12007382212	941.479336731331	1375.25936684769	939.86520818066
CD2	1759.47832133469	5378.54916423486	2040.15509036018	2659.68489464028	3138.41790870214	4028.98749247204	2087.0123103631	12004.6008588847	2003.44019488186	3531.19560345757	4401.64006096581	4569.74321146237	2657.27907048293
CD209	20.6650138411792	5.06275953804905	38.1439253005375	62.7545360289865	41.1194980956017	11.923020939498	25.8090336301227	1.57128283493255	0	8.29113783389897	22.4161746840793	39.2341260812404	18.3260625550547
CD209A	0	8.2269842493297	10.8982643715822	0.922860823955684	6.66802671820567	0.993585078291503	0	0	0	14.0949343176283	4.48323493681586	13.4222010277928	0
CD209E	4.92024139075696	0	11.9880908087404	2.76858247186705	17.7814045818818	6.95509554804052	0	80.1354245815602	21.3700287454066	8.29113783389897	16.1396457725371	0	13.9627143276607
CD22	1502.64172073717	4595.71997066402	1348.11530276471	2699.36791007037	2258.23838189899	3670.30327920881	1400.72664338029	1896.53838176359	3273.17606950477	3080.98681907686	3596.45106631368	3478.4150202026	1971.36072913659
CD244	69.8674277487488	221.495729789646	537.284433519	717.985721037522	536.776150815557	294.101183174285	509.141845248784	444.673042285912	225.275719691161	222.202493948493	170.362927599003	252.956865523787	806.346752422405
CD247	1283.19895470941	3471.15450827488	1208.61751880846	1278.16224117862	1660.33865283321	4276.39017696663	1340.8966108741	1466.00688499207	2299.94934372438	3234.37286900399	3960.48974318313	4637.88669360347	1350.89261120117
CD27	3104.67231756764	6198.7162093988	4635.03183723389	3402.58785792461	4403.12030958848	7768.84172716126	5130.13200293302	5279.51032537338	3788.7280129877	5967.96101284048	5639.01290352699	7869.53971029512	4243.79248596337
CD28	660.296394639584	2556.06072177251	2139.32929614158	2477.88131232101	2951.71316059238	3615.65609990278	3162.77975758231	262.404233433736	2079.12571335518	2295.81606620663	2360.87151772723	3160.41210354413	2716.62060637548
CD300A	389.683118147951	610.06252433491	3510.33095408661	2260.08615786747	3088.40770831559	785.925796928579	3034.90772732397	1398.44172308997	2319.538536741	842.379603924136	1029.35074149292	438.80272590861	2508.05256110605
CD37	977.159940204332	3505.32813515671	3039.52593323426	4187.01955828694	4214.19288590599	4699.65742031881	2807.31897622198	4096.33435066916	4001.53788257738	2105.11989602695	2919.48259085449	3388.58952101661	3768.18752917743
CD38	355.241428412652	1049.25691426067	697.488919781258	634.005386057555	204.486152691641	758.105414736416	805.945731995194	480.812547489361	886.856192934372	2201.29709490018	1542.23281826466	898.254991859978	418.881429829821
CD3D	1220.21986490773	4303.97845228395	633.189159988923	886.869251821412	953.527820703411	3044.34467988516	563.106188293586	7187.04768698149	1132.61152350655	1749.43008295268	2930.24235470285	2824.85707784931	807.219422067884
CD3E	1944.47939762715	5665.22792307689	2857.52491822884	2958.69180160192	2887.25556898306	6314.2331725425	3266.0158921028	4049.19586562119	4166.26518748989	4793.93589556039	6040.71075386569	5699.27305180124	3066.56113421248
CD3G	1954.31988040866	9345.22126229629	1448.37933498327	1955.54208596209	2053.75222920735	5591.89682062458	1486.36570951661	9479.54934314809	1746.10943207259	3900.15123706608	6222.73009230041	7681.62889590602	1737.48526414828
CD4	981.096133316937	2314.31395383067	16406.2471849798	13108.3151434665	16332.2201084584	5013.63030505892	11766.5730595514	3018.43432590543	5819.77116166572	3675.46140176742	4467.09529104332	3701.43005266439	13997.6211134798
CD40	4090.68869227533	4558.38211907091	1049.50285898336	2824.87698212835	562.336919902012	2635.98121270736	611.204841876996	4828.55215174773	3066.59912496584	4830.41690202954	2964.31494022265	3082.97632838379	385.719983301627
CD40LG	143.671048610103	1010.02052784079	147.126569016359	198.415077150472	145.585250014157	745.188808718627	184.182649087694	136.701606639132	219.933212504809	514.050545701736	598.063540571236	736.156102524327	212.931393496826
CD5	361.145718081561	1917.52017503608	638.638292174714	831.497602384071	921.299024898751	1419.83307687856	647.572116537623	2334.92629270977	594.799133413816	746.202405050908	1479.46752914923	1487.79936008072	757.477252275593
CD6	847.265567488348	2620.61090588264	1888.66921559519	1712.82968926175	2693.88279415509	4342.96037721216	2035.39424310286	650.511093662077	1436.2440152642	1633.3541532781	2885.41000533469	2747.42130268897	2357.08071243822
CD69	51743.2265617565	129345.279212904	19079.5914353289	31685.5035296944	14142.8846693142	67776.4125305766	27869.0637689634	218425.598166809	34577.5969279322	97386.875883194	80318.9471870309	113543.56087911	29873.2273040301
CD7	2590.99911637261	6460.08117055059	27616.2019175892	24377.3686647894	30088.3592281167	11222.5434593025	22425.703948792	19725.8847097433	22228.3915666804	6180.2141413883	5642.59949147644	5948.10000931647	28908.927345776
CD70	6.88833794705974	38.603541477624	54.4913218579108	3.69144329582273	17.7814045818818	50.6728389928666	21.1164820610095	257.690384928939	3.56167145756776	17.4113894511878	63.6619361027852	44.3965110919299	28.7980983008002
CD72	4133.00276823584	5748.13061051244	1891.93869490666	2974.38043560917	1784.80848490639	2549.539310896	1069.90175775781	9203.00356419996	3097.76375021956	5264.87252452585	3477.19701699438	2998.31321420848	1609.20282626289
CD79B	4298.32287896528	9664.17511319338	17.4372229945314	1608.54641615476	141.139898868687	6585.48189891608	89.158479813151	9347.56158501375	3981.94868956075	9323.3844942194	6463.92813190111	5208.84647578573	121.301080721552
CD80	135.798662384892	170.868134409155	371.630815070951	391.29298935721	791.27250389374	216.601547067548	429.368468573859	194.839071531636	525.346539991244	301.797417153923	314.723092564473	223.015032461788	657.120243045531
CD86	1425.88595504137	1797.91248094967	3015.54975161678	2270.23762693098	2679.43540293231	1467.52516063655	1847.69218033833	4925.97168751355	2495.84127389061	2834.74002541006	1627.41428206416	1772.76301267078	2219.19890845257
CD8A	845.297470932045	3721.12826046605	2857.52491822884	2462.19267831376	4118.61783627837	4438.34454472814	3650.80512077008	4732.70389881685	2819.06295866488	2146.57558519644	2417.36027793111	3291.53668281564	3564.85550178087
CD8B	114.149600265561	346.166183414104	223.414419617434	259.323891531547	215.599530555317	488.843858519419	184.182649087694	532.664881042135	154.042290539806	185.721487479337	212.505336005072	201.333015416892	245.220170379541
CD96	367.050007750469	2176.35375641884	2929.45346308128	2587.70175037174	2608.30978460479	2377.64909235157	3500.64347055846	3249.41290264052	2207.34588582762	1397.05672501198	1112.7389113177	1526.00100915982	3083.14185747658
CDC25A	321.783786955505	349.96325306764	592.865581814069	504.804870703759	587.897688988467	549.452548295201	749.635113165836	91.134404426088	692.745098496929	498.297383817328	457.289963555218	440.867679912886	539.309840905894
CDHR1	58.0588484109321	10.7583640183542	43.5930574863286	8.30574741560115	233.380935137199	48.6856688362836	322.612920376533	0	243.974494843391	68.8164440213615	38.5558204566164	21.682017044896	169.297911222886
CDK6	167.288207285737	155.679855795008	395.606996688432	209.48940703794	408.972305383281	195.736260423426	658.130357568128	628.513133973021	335.687534875761	162.50630154442	207.125454080893	150.741642312134	484.33165324073
CEACAM1	1116.89479570183	509.440178516186	867.501843977939	1109.27871039473	884.624877948619	739.227298248878	674.554288060024	4.71384850479766	877.061596426061	707.234057231582	583.717188773425	498.686392032608	452.042876358015
CEACAM9	0.984048278151392	0.632844942256131	4.35930574863286	0.922860823955684	0	0	0	3.1425656698651	0	0	0	5.16238501068953	0
CFP	1448.51906543885	1746.65204062692	22429.7179031532	16340.1737489593	24172.7081912819	5712.12061509785	8400.84044660493	6437.54577471867	10900.4954958861	2925.11342779956	4139.81914065577	2599.77709138325	14180.8817390304
CGM4	1.96809655630278	7.59413930707357	0	0	0	12.9166060177895	0	0	0	22.3860721515272	0	8.25981601710325	0
CHI3L1	10343.3314516493	2549.0994274077	9174.15894799786	13154.4581846643	4938.78512261767	3022.48580816275	3667.22905126198	9877.08390038602	2289.26432935168	1251.96181291875	2691.73425606424	2069.08391228436	3516.85867127954
CHST15	15.7447724504223	68.9800987059183	78.4675034753915	36.9144329582273	73.3482939002624	85.4483167330692	117.31378922783	0	81.9184435240585	36.4810064691555	65.4552300775116	117.702378243721	54.978187665164
CHST7	0	32.2750920550627	41.4134046120122	67.3688401487649	65.5689293956891	59.6151046974902	21.1164820610095	1.57128283493255	27.6029537961501	20.7278445847474	49.3155843049745	57.8187121197227	33.1614465281941
CLEC10A	833.488891594229	901.171197772731	10627.9874151669	10073.0258934763	9295.22924517871	4783.11856689529	7471.71523592051	7583.0109613845	4773.53017100519	4264.13218797424	3956.00650824632	3720.01463870287	10649.1876837777
CLEC2D	43.2981242386612	49.9947504382344	1.08982643715822	13.8429123593353	6.66802671820567	36.7626478967856	18.7702062764528	72.2790104068974	39.1783860332453	55.5506234871231	43.9357023807954	13.4222010277928	0.872669645478793
CLEC2D2	196.809655630278	446.788529232829	190.719626502688	293.469742017907	154.475952305098	384.517425298812	286.245645715906	270.260647608399	319.660013316706	724.64544668277	347.899031096911	509.011162053988	292.344331235396
CLEC4A1	300.134724836174	552.473634589602	2941.44155389002	2787.03968834616	2186.00142578509	1116.78962799965	1553.23456937647	535.807446712	893.979535849508	721.328991549211	511.088782797008	745.448395543568	2367.55274818397
CLEC4M	246.012069537848	46.1976807846976	38.1439253005375	106.128994754904	23.3380935137199	77.4996361067372	17.5970683841745	98.9908186007508	4.4520893219597	67.9873302379716	52.9021722544272	111.507516230894	17.4533929095759
CLEC7A	806.919588084141	1308.72334058568	5902.49998364889	5853.7062063509	4344.219406911	2479.98835541559	3537.01074521908	3709.79877327576	1849.39790434206	2579.37298012597	1921.51449391928	1155.34176539232	4128.60009276017
CMA1	132.846517550438	101.888035703237	52.3116689835943	38.7601546061387	61.1235782502187	36.7626478967856	127.872030258335	111.561081280211	46.3017289483809	40.626575386105	17.9329397472634	11.357247023517	8.72669645478793
COLQ	4.92024139075696	3.79706965353679	0	0	0	0	0	0	0.89041786439194	0.829113783389897	8.96646987363172	1.03247700213791	0
CPA3	204.682041855489	156.945545679521	102.443685092872	85.8260566278786	30.0061202319255	35.7690628184941	322.612920376533	138.272889474065	17.8083572878388	89.5442886061089	25.1061156461688	25.8119250534476	17.4533929095759
CR2	913.196802124491	2718.06902699008	0	1230.17347833293	13.3360534364113	3395.08021252206	16.4239304918962	1148.6077523357	1783.50698237706	1975.77814581813	1816.60679639779	2950.81927211013	75.922259156655
CREB5	540.242504705114	56.3231998607957	347.654633453471	297.16118531373	368.964145074047	255.351365120916	544.335982017133	212.123182715895	245.755330572175	101.980995356957	143.463517978108	88.7930221838599	381.356635074233
CRISP3	112.181503709259	0	8.71861149726572	11.0743298874682	8.8907022909409	0	0	0	0	3.31645513355959	5.37988192417903	0	11.3447053912243
CRTAM	54.1226552983265	117.076314317384	106.802990841505	85.8260566278786	100.020400773085	145.063421430559	319.093506699698	18.8553940191906	220.823630369201	122.708839941705	129.117166180297	196.170630406202	118.683071785116
CSF1	9082.76560733734	1323.27877425757	4024.72903242529	2560.01592565307	3365.13081712113	2013.99695369688	2399.06698970913	208.980617046029	2730.91159009008	1069.55678057297	2316.03916835907	817.721785693221	2594.44685600845
CSF2	401.491697485768	84.8012222623216	113.341949464454	140.274845241264	106.688427491291	46.6984986797006	146.642236534788	130.416475299402	178.97399074278	88.715174822719	104.011050534128	36.1366950748267	121.301080721552
CSF3R	39.3619311260557	119.607694086409	1352.47460851335	2561.86164730098	917.965011539648	490.831028676002	486.852225295496	1.57128283493255	422.058067721779	38.9683478193252	139.876930028655	214.755216444684	1161.52329813227
CST7	267.661131657178	449.319909001853	1438.57089704884	1267.08791129115	2421.60503649503	959.803185629592	1186.04240909336	1415.72583427423	1810.21951830881	684.847985080055	954.929041541778	903.417376870667	1795.08146074988
CTLA4	540.242504705114	1801.70955060321	256.109212732181	382.064381117653	410.083643169649	1367.17306772911	563.106188293586	678.794184690862	824.526942426936	1829.02500615811	1947.51725655281	1766.56815065796	801.110734549532
CTSW	1195.61865795394	3497.10115090738	5488.36593752877	4874.55087213392	6081.24036700357	3659.3738433476	4958.85387066039	2008.0994630438	5320.24673974184	2095.99964440966	2498.0585067938	2615.26424641532	5128.67950647887
CXCL10	1378.6516376901	863.200501237363	13881.1193300842	8795.78651312162	3949.69449275049	2432.2962716576	3145.18268919813	1802.26141166764	3534.958921636	3116.63871176262	3028.8735233128	2302.42371476753	6184.60977750821
CXCL11	117.101745100016	99.9895008764687	112.252123027296	10.1514690635125	48.8988626001749	44.7113285231176	39.8866883374623	0	111.302233048992	62.1835337542423	104.011050534128	50.5913731047574	110.829044975807
CXCL13	988.968519542149	506.908798747161	141.677436830568	307.312654377243	21.1154179409846	701.471065273801	78.6002387826463	1608.99362297093	94.3842936255456	996.594767634657	771.116409132328	1412.42853892465	72.4315805747398
CXCL9	2071.42162550868	277.186084708185	348.744459890629	347.918530631293	231.158259564463	227.530982928754	209.991682717816	399.105840072868	260.892434266838	248.734135016969	291.410270893031	320.067870662751	401.428036920245
CXCR2	13.7766758941195	29.7437122860382	308.420881715775	218.718015277497	76.6823072593653	30.8011374270366	62.1763082907501	340.968375180364	66.7813398293955	18.2405032345777	21.5195276967161	34.0717410705509	109.956375330328
CXCR5	1198.57080278839	2988.29381733345	38.1439253005375	1265.24218964324	70.0142805411596	2566.43025722695	55.1374809370802	289.11604162759	1895.69963329044	1989.04396635236	2100.84389139191	2448.00297206897	92.5029824207521
CXCR6	104.309117484048	406.919297870692	449.008492109185	603.550978867017	524.551435165513	270.255141295289	817.677110917977	1690.70033038743	303.632491757651	626.810020242762	390.04143950298	202.36549241903	849.980234696345
CYP27A1	135.798662384892	33.5407819395749	114.431775901613	134.73768029753	112.245116423129	109.294358612065	119.660065012387	0	153.151872675414	126.025295075264	95.0445806604963	77.4357751603429	108.21103603937
CYP27B1	36.4097862916015	10.7583640183542	42.5032310491704	50.7573453175626	23.3380935137199	0	11.731378922783	1.57128283493255	40.0688038976373	26.5316410684767	14.3463517978108	16.5196320342065	17.4533929095759
DAPK2	144.655096888255	366.4172215663	936.160909518907	637.696829353377	720.146885566213	550.446133373492	878.680281316449	1723.69726992101	421.167649857388	269.461979601717	262.717567297409	499.718869034746	1114.39913727642
DEPDC5	460.534594174851	573.990362626311	336.756369081889	610.933865458663	412.306318742384	707.43257574355	240.493267917052	312.685284151578	560.07283670253	476.740425449191	555.921132165167	528.628225094608	359.539893937263
DGKA	5441.7869781772	9713.53701868936	1643.45826723459	3059.28363141309	2246.01366624894	8839.9264415595	2430.74171280064	4574.00433248866	5224.08161038751	9985.84640714792	9858.63362605808	6972.31719543728	1923.36389863526
DHRS11	166.304159007585	167.703909697875	196.168758688479	187.340747263004	235.603610709934	194.742675345135	226.415613209712	494.954093003754	214.590705318457	144.265798309842	106.700991496217	193.073199399788	215.549402433262
DHX58	251.916359206756	348.697563183128	365.091856448002	440.204613026861	198.929463759803	209.646451519507	213.511096394651	114.703646950076	320.550431181098	228.835404215612	481.499432214023	350.00970372475	212.931393496826
DPEP2	322.767835233656	412.614902350997	1999.83151218532	1468.27157091349	1805.92390284737	471.952912188464	1215.37085640032	1106.18311579252	1019.52845472877	485.03156328309	545.161368316809	399.568599827369	1674.6530496738
DPP4	512.689152916875	837.253858604861	252.839733420706	237.175231756611	669.025347393303	923.040537732806	340.209988760708	790.355265971074	242.193659114608	789.316321787182	781.876172980686	1001.50269207377	496.549028277433
DUSP2	9200.85140071551	8425.69756119813	31768.440643162	23002.3060370954	33324.5748620192	12549.9731239	35980.1391561756	2855.02091107245	25783.8300991974	9886.35275314114	10376.895584754	13074.2562780723	30056.4879295806
EAF2	340.480704240381	392.363864198801	22.8863551803225	100.59182981117	48.8988626001749	231.50532324192	16.4239304918962	1040.18923672535	154.042290539806	842.379603924136	431.287200921686	506.946208049712	116.937732494158
EBI3	884.659402058101	660.690119715401	4983.77629712452	2254.54899292374	2796.12587050091	973.713376725673	2874.18783608184	2113.37541298428	2415.70366609533	1194.75296186484	1737.70186150983	486.296668006954	2136.29529213209
EFNA5	34.4416897352987	0	14.1677436830568	21.2257989509807	17.7814045818818	17.884531409247	9.38510313822642	0	0	14.9240481010182	2.68994096208952	7.22733901496534	20.944071491491
EGR2	1430.80619643212	926.484995462976	1557.36197869909	1629.77221510574	1689.23343527877	1814.28635296028	2008.41207158045	501.239224343484	1988.3030911872	1040.53779815432	1067.90656194954	1541.48816419189	1662.4356746371
ELANE	0	2.53137976902452	17.4372229945314	17.534355655158	4.44535114547045	4.96792539145751	19.9433441687312	0	0	7.46202405050908	6.27652891154221	1.03247700213791	15.7080536186183
EPHA1	77.7398139739599	10.1255190760981	27.2456609289554	29.5315463665819	23.3380935137199	1.98717015658301	11.731378922783	43.9959193781115	65.8909219650035	33.9936651189858	21.5195276967161	23.7469710491718	21.8167411369698
EPN2	631.758994573193	155.047010852752	216.875460994485	49.8344844936069	162.255316809671	212.627206754382	252.224646839835	40.8533537082464	149.590201217846	187.379715046117	259.130979347957	168.293751348479	240.856822152147
ETS1	10583.4392315182	23353.876904078	15641.1890260947	15921.1949348835	20300.8073435772	26277.3445655754	25304.584336443	13407.7564304795	16955.3369737513	16567.3516196969	19538.8345016309	22018.604547593	22153.5916201246
ETV3	224.363007418517	309.461176763248	500.230334655621	185.495025615092	450.091803478883	251.37702480775	570.145015647255	120.988778289807	323.221684774274	276.924003652226	279.75386005731	228.177417472477	517.493099768924
FASLG	432.981242386612	1353.65533148586	3278.19792297191	2710.44223995784	2898.36894684673	1921.59354141577	3670.74846493881	6470.54271425225	1667.7526600061	1285.12636425434	1148.60479081222	1182.1861674479	4146.92615531523
FBXL8	9.84048278151392	25.9466426325014	1.08982643715822	39.6830154300944	27.7834446591903	7.94868062633202	48.0986535834104	9.42769700959531	30.274207389326	40.626575386105	78.008287900596	17.5521090363444	49.7421697922912
FCER2	2339.08275716586	6482.86358847181	13.0779172458986	2554.47876070933	7.77936450457329	3918.69954878169	90.3316177054293	4339.88319008371	3485.98593909444	1998.99333175304	3906.69092394134	3576.50033540571	111.701714621286
FCGR2A	791.174815633719	660.057274773145	4106.46601521216	3492.10535784831	3542.94486293995	1151.56510573985	2651.29163654897	3903.06656197246	1617.88925960015	1508.98708576961	1303.72471962605	817.721785693221	2864.97444610688
FCGR2B	2819.29831690374	7191.64992379867	5013.20161092779	5320.29265010452	3610.73646790837	5113.98239796636	2808.49211411426	13717.2991489612	4099.48384766049	10398.7450712761	6238.86973807295	7026.00599954845	5224.67316748154
FCGR3A	194.841559073976	246.176682537635	650.626382983455	939.472318786886	594.565715706673	147.050591587142	550.201671478524	339.397092345431	280.481627283461	142.607570743062	199.055631194624	101.182746209515	690.281689573726
FCNB	77.7398139739599	518.300007707771	829.357918677402	2054.28819412535	905.740295889604	813.746179120741	653.437805999015	883.060953232094	661.580473243211	64.670875104412	274.373978133131	492.491530019781	1048.07624422003
FES	202.713945299187	177.829428773973	747.620935890536	1220.94487009337	1196.91079591792	443.13894491801	547.855395693968	197.981637201502	305.413327486435	201.474649363745	208.918748055619	260.184204538752	1066.40230677509
FFAR2	0	5.69560448030518	47.9523632349615	57.2173710852524	17.7814045818818	11.923020939498	0	1.57128283493255	0	0	17.9329397472634	4.12990800855162	25.307419718885
FLT3LG	205.666090133641	510.073023458442	244.12112192344	377.450076997875	271.166419873697	435.190264291678	343.729402437543	196.410354366569	235.070316199472	209.765787197644	275.270625120494	346.912272718336	423.244778057215
FLVCR2	254.86850404121	82.9026874355532	989.562404939659	473.427602689266	564.559595474747	181.826069327345	699.190183797869	26.7118081938534	212.809869589674	186.550601262727	231.334922739698	198.235584410478	528.837805160149
FOSB	21318.4218978717	11019.0961345638	38283.4230844938	44056.4528748204	37956.6307555994	20100.2261338371	56892.4952239286	6346.41137029258	28450.6316030513	16315.3010295464	17485.5129005692	25285.3617823573	55554.14963118
FOXP3	77.7398139739599	224.02710955867	49.0421896721197	107.051855578859	281.168459951006	371.600819281022	317.92036880742	67.5651619020997	220.823630369201	360.664495774605	307.549916665568	258.119250534476	241.729491797626
FPR1	0	0	18.5270494316897	7.38288659164547	0	0	0	0	0	4.14556891694949	1.79329397472634	7.22733901496534	0
FRK	2252.48650868854	139.225887296349	221.234766743118	131.969097825663	80.0163206184681	176.858143935887	368.365298175387	443.10175945098	73.904682744531	273.607548518666	327.276150387558	159.001458329237	132.645786112777
FRMD8	3865.34163657867	966.354226825112	2809.57255499388	1361.21971533463	2064.86560707102	1187.33416855835	2387.33561078635	91.134404426088	1492.34034072089	654.999888878019	1347.66042200685	958.138657983976	2097.02515808554
FZD2	40.3459794042071	20.2510381521962	80.6471563497079	1.84572164791137	45.5648492410721	28.8139672704536	26.982171522401	6.28513133973021	6.23292505074358	10.7784791840687	26.002762633532	30.9743100641372	32.2887768827154
FZD3	195.825607352127	94.9267413384197	51.2218425464361	120.894767938195	44.4535114547045	61.6022748540732	98.5435829513775	102.133384270616	31.1646252537179	40.626575386105	72.6284059764169	111.507516230894	17.4533929095759
GAL3ST4	52.1545587420238	15.1882786141471	21.7965287431643	36.9144329582273	0	27.8203821921621	0	0	35.6167145756776	11.6075929674586	0.896646987363172	18.5845860384823	17.4533929095759
GFI1	55.1067035764779	232.886938750256	579.78766456817	658.922628304358	770.157085952755	333.844586305945	1141.46316918679	311.114001316645	384.660517417318	204.791104497305	342.519149172732	219.917601455374	865.688288314963
GIPR	28.5374000663904	13.9225887296349	19.6168758688479	0	12.2247156500437	19.8717015658301	36.3672746606274	0	0	17.4113894511878	22.4161746840793	11.357247023517	10.4720357457455
GNG7	86.5962484773225	3.79706965353679	39.2337517376957	104.283273106992	96.6863874139823	32.7883075836196	80.9465145672029	45.567202213044	55.2059075923003	17.4113894511878	1.79329397472634	25.8119250534476	24.4347500734062
GPC4	912.21275384634	257.567891498245	347.654633453471	411.595927484235	375.632171792253	161.954367761515	334.344299299316	3.1425656698651	179.864408607172	56.379737270513	177.536103497908	168.293751348479	401.428036920245
GPR1	49.2024139075696	20.8838830944523	0	0	4.44535114547045	8.94226570462352	0	0	0	4.14556891694949	8.96646987363172	8.25981601710325	8.72669645478793
GPR171	1525.27483113466	2731.99161571972	2350.75562495027	1924.1648179476	2407.15764527225	2527.68043917358	3769.29204789019	3012.1491945657	2387.21029443479	3699.50570148572	2809.19501140882	1924.53713198506	2434.74831088583
GPR18	482.183656294182	954.963017864502	552.542003639215	669.996958191826	451.203141265251	786.91938200687	524.392637848401	367.680183374217	615.27874429483	641.734068343781	613.30653935641	621.551155287019	604.760064316804
GPR183	3906.67166426102	10544.4624278717	8453.78367303628	7362.58365351844	5266.62976959611	5119.94390843611	8719.93395330463	6302.41545091447	6830.39543775057	6744.84062787682	6575.11235833414	4469.59294225499	6073.7807325324
GPR19	35.4257380134501	39.8692313621363	51.2218425464361	64.6002576768979	32.2287958046608	48.6856688362836	49.2717914756887	0	33.8358788468937	61.3544199708524	41.2457614187059	71.2409131475155	6.98135716383035
GPR65	907.292512455583	2053.58183762115	881.669587660996	678.302705607427	654.577956170524	1073.07188455482	992.474656867444	4036.62560294173	1170.00907381101	1888.72119856219	1489.33064601023	2160.97436547464	1137.08854805887
GRAP2	298.166628279872	832.191099066812	1050.59268542052	428.207422315437	1034.65547910825	757.111829658125	939.683451714921	595.516194439437	698.087605683281	463.474604914953	589.097070697604	483.19923700054	899.722404488636
GZMA	571.732049605959	2810.46438855948	3309.8028896495	3261.39015185939	3110.63446404295	1931.52939219868	5909.09556340581	14132.1178173834	2361.38817636742	1780.9364067215	2164.5058274947	1826.45181678196	7128.83833391626
GZMB	171.224400398342	740.428582439673	753.070068076327	1331.68816896805	759.043708089079	536.535942277411	1801.93980253947	1205.17393439327	773.773124156596	633.442930509882	618.686421280589	771.260320597015	2421.65826620365
GZMBL3	176.144641789099	416.411972004534	525.29634271026	466.04471609762	521.21742180641	276.216651765038	904.489314946572	443.10175945098	355.276727892384	231.322745565781	239.404745625967	260.184204538752	1328.20320041872
GZMC	4.92024139075696	6.96129436481744	7.62878506010751	18.4572164791137	25.5607690864551	14.9037761743725	16.4239304918962	28.2830910287859	18.6987751522307	6.63291026711918	5.37988192417903	12.3897240256549	44.5061519194185
GZMK	318.831642121051	846.746532738703	793.393646251181	456.816107858063	896.849593598663	427.241583665346	1085.15255035743	1106.18311579252	755.074349004365	870.569472559392	1395.1827123371	876.572974815082	1130.10719089504
GZMM	394.603359538708	1634.63848584759	4504.2526647749	3943.38430076264	5169.94338218213	2401.49513423056	4082.51986512849	2388.34990909748	2661.45899666751	698.113805614294	1193.43714018038	1268.91423562749	4400.00035250408
HAL	4.92024139075696	0	0	26.7629638947148	18.8927423682494	10.9294358612065	0	0	0	0.829113783389897	0	0	0
HCK	576.652290996715	677.776933156316	4089.02879221762	3295.53600234575	3845.22874083194	1390.02552452981	3535.83760732681	2669.60953655041	2364.0594299606	670.753050762427	1032.93732944237	747.513349547844	3135.5020362053
HDC	0	0	0	28.6086855426262	16.6700667955142	0	14.0776547073396	0	16.0275215590549	0.829113783389897	11.6564108357212	4.12990800855162	0
HIC1	133.830565828589	36.0721617085995	159.114659825099	230.715205988921	225.601570632625	49.6792539145751	232.281302671104	64.4225962322346	98.8363829475053	23.2151859349171	34.9692325071637	48.5264191004816	303.68903662662
HK3	41.3300276823584	63.2844942256131	267.007477103763	325.769870856356	406.749629810546	154.999272213474	363.672746606274	34.5682223685161	215.481123182849	63.0126475376322	144.360164965471	46.4614650962058	175.406598741237
HPGDS	258.804697153816	229.089869096719	751.980241639169	478.964767633	226.712908418993	248.396269572876	590.088359815986	1975.10252351022	157.603961997373	397.974616027151	289.616976918305	280.83374458151	413.645411956948
HPSE	1418.01356881616	1688.43030593936	1611.853300557	1710.98396761384	1855.93410323391	2105.40678089969	1325.64581827448	1858.82759372521	1929.53551213733	1773.47438267099	1756.53144824445	1611.69660033727	1198.17542324238
HRH1	25.5852552319362	0	28.3354873661136	39.6830154300944	97.7977252003499	41.7305732882431	18.7702062764528	149.271869318592	0	9.12025161728887	18.8295867346266	34.0717410705509	20.0714018460122
HTR2B	89.5483933117766	36.7050066508556	44.6828839234868	89.5174999237013	31.1174580182931	15.897361252664	12.9045168150613	252.976536424141	30.274207389326	18.2405032345777	52.005525267064	12.3897240256549	50.61483943777
ICA1	939.766105634579	237.316853346049	283.354873661136	282.395412130439	194.484112614332	243.428344181418	295.630748854132	245.120122249478	236.851151928256	292.677165536634	234.024863701788	486.296668006954	215.549402433262
ICOS	1769.3188041162	3578.73814845842	1720.83594427282	2185.33443112706	2418.27102313592	4100.52561810903	3231.99489322673	2847.16449689778	3267.83356231842	4846.17006391395	4520.89411028511	4166.04470362645	2942.64204455449
IFNA4	0	0	0	0	0	0	0	100.562101435683	0	0	0	0	0
IFNG	457.582449340397	1063.1795029903	1675.06323391218	1428.5885554834	901.294944744134	861.438262878733	2015.45089893412	438.387910946182	913.56872886613	831.601124740067	841.951521134019	789.844906635498	1973.97873807303
IGSF6	290.294242054661	466.406722442769	3059.14280910311	2311.76636400899	1971.51323301614	1427.78175750489	1643.5661870819	1411.01198576943	1519.94329451704	833.259352306847	573.85407191243	479.069328991988	997.461404782261
IL12B	0	8.85982919158583	25.066008054639	15.6886340072466	12.2247156500437	22.8524568007046	0	0	16.0275215590549	18.2405032345777	21.5195276967161	36.1366950748267	0
IL12RB2	194.841559073976	329.712214915444	627.740027803132	660.76834995227	689.02942754792	408.363467177808	1637.70049762051	325.255546831038	728.361813072607	945.189713064483	548.747956266261	350.00970372475	597.778707152973
IL17A	55.1067035764779	53.7918200917711	223.414419617434	243.6352575243	270.05508208733	101.345677985733	324.95919616109	108.418515610346	230.618226877512	145.924025876622	57.385407191243	146.611734303583	460.769572812803
IL18R1	80.6919588084141	134.795972700556	83.9166356611826	121.81762876215	86.6843473366738	152.0185169786	181.836373303137	314.25656698651	56.9867433210841	153.386049927131	167.672986636913	104.280177215928	141.372482567565
IL1A	1054.89975417829	1116.33847813982	3589.88828399916	1938.93059113089	2024.85744676179	1833.16446944782	2826.08918249843	817.067074164927	2583.10222460102	1208.84789618247	1296.55154372715	581.284552203641	2029.82959538367
IL1B	8251.24481229942	13738.4308514384	59290.9174871555	30886.3060561488	38477.8481774058	17417.54642245	27911.2967330854	41085.9035678164	27546.8574706934	11798.2891376382	11313.8916865485	8290.79032716738	32277.4321773241
IL1RL1	4521.70183810564	557.536394127652	1866.87268685202	1309.53950919312	2430.49573878597	858.457507643858	2605.53925875011	447.815607955777	2219.81173592911	1075.3605770567	964.792158402773	429.510432889369	1817.77087153233
IL21	0	12.6568988451226	0	0	7.77936450457329	7.94868062633202	12.9045168150613	161.842131998053	8.01376077952746	10.7784791840687	8.96646987363172	13.4222010277928	0
IL2RA	840.377229541288	3016.13899479272	2534.93629283001	2560.93878647702	4415.34502523852	2763.16010272867	4554.12129782437	3249.41290264052	3546.5343538731	2907.70203834837	3230.61909546951	1375.25936684769	3166.91814344254
IL2RB	1254.66155464302	3283.19956042481	12097.0734524562	11482.2343716566	14911.9304174806	4505.90833005196	20472.4293581487	672.509053351132	10474.8757567068	3270.85387547315	4481.44164284113	3060.26183433675	18093.0597597118
IL4	106.27721404035	293.640053206845	552.542003639215	564.790824260878	350.071402705798	243.428344181418	505.622431571949	2474.77046501877	150.480619082238	189.037942612897	138.980283041292	180.683475374133	850.852904341823
IL4R	11083.3357568191	12276.5590348267	17659.5475877117	15265.9637498749	28580.2738520159	16747.8700796816	22980.5981718397	3321.69191304741	19468.0961870654	13289.8648339567	18036.0541508102	13817.6397196116	23142.3263284521
IL5	10.8245310596653	31.6422471128066	71.9285448524422	36.9144329582273	43.3421736683369	56.6343494626157	24.6358957378444	0	15.137103694663	26.5316410684767	10.7597638483581	5.16238501068953	48.8695001468124
IL5RA	1.96809655630278	1.89853482676839	0	0	0	3.97434031316601	0	0	0	0	5.37988192417903	7.22733901496534	0
IL7	57.0748001327807	4.42991459579292	87.1861149726572	0	17.7814045818818	6.95509554804052	18.7702062764528	0	0	0.829113783389897	13.4497048104476	26.8444020555855	21.8167411369698
IL7R	1905.11746650109	3635.06134831922	2075.02953634924	1681.45242124726	1060.2162481947	2438.25778212735	4165.81265548025	3417.5401659783	3166.32592577774	6644.51786008664	4554.07004881755	2662.75818851366	1859.65901451531
IRF8	1423.91785848506	3525.57917330891	4279.74841872031	3883.39834720552	6023.45080211246	3858.0908590059	6031.10190420276	411.676102752329	4333.66374599557	3381.95512244739	3872.61833842154	3216.16586165958	6291.07547425662
ITK	2156.0497774297	6308.19838440911	5554.84535019542	5287.06966044211	7890.49828321005	10234.9198914808	10019.770737949	3562.0981867921	6915.8755527322	6033.46100172828	7052.12855561135	6328.05154610322	9699.72310949679
KCNA3	12.7926276159681	82.269842493297	438.110227737603	345.149948159426	829.057988630239	258.332120355791	591.261497708265	0	446.989767924754	86.2278334725493	197.262337219898	108.41008522448	664.97426985484
KCNG2	25.5852552319362	18.9853482676839	271.366782852396	276.858247186705	485.654612642647	14.9037761743725	286.245645715906	149.271869318592	223.494883962377	57.2088510539029	77.1116409132328	45.4289880940678	284.490304426087
KIR3DL1	24.6012069537848	49.3619054959782	90.4555942841319	88.5946390997456	35.5628091637636	56.6343494626157	119.660065012387	50.2810507178417	37.3975503044615	24.8734135016969	32.2792915450742	74.3383441539292	164.061893350013
KLRB1	11.8085793378167	8.85982919158583	2.17965287431643	0	10.0020400773085	0	10.5582410305047	1.57128283493255	4.4520893219597	0	0	2.06495400427581	0
KLRB1C	202.713945299187	1049.88975920292	623.380722054499	564.790824260878	426.753709965163	654.7725665941	712.09470061293	708.648558554581	463.907707348201	429.480939795967	667.1053585982	620.518678284881	629.19481439021
KLRD1	1552.8281829229	4653.94170535159	4507.52214408638	3181.10126017524	1874.82684560216	4047.86560895958	4707.80236171283	7462.02218309469	2080.90654908396	2726.12611978598	4511.92764041148	4348.79313300486	5948.98897322893
KLRE1	109.229358874804	599.937005258812	739.992150830428	586.016623211859	542.332839747395	468.972156953589	856.390661363161	4453.01555419885	455.003528704281	450.208784380714	473.429609327755	589.544368220744	1269.73433417164
KLRG1	12.7926276159681	21.5167280367085	70.838718415284	17.534355655158	132.249196577746	24.8396269572876	133.737719719727	174.412394677513	57.8771611854761	19.8987308013575	50.2122312923376	32.0067870662751	36.6521251101093
KLRH1	14.7607241722709	15.8211235564033	23.9761816174807	11.9971907114239	4.44535114547045	31.7947225053281	62.1763082907501	0	16.0275215590549	33.9936651189858	60.0753481533325	8.25981601710325	27.0527590098426
KLRI1	393.619311260557	537.918200917711	986.292925628185	548.179329429676	443.423776760677	428.235168743638	1440.61333171776	2459.05763666944	641.991280226589	760.297339368536	865.264342805461	357.237042739715	979.135342227206
KLRI2	274.549469604238	582.850191817897	841.346009486142	613.70244793053	205.597490478008	336.825341540819	761.366492088619	3895.2101477978	272.467866503934	313.405010121381	814.15546452576	368.594289763232	542.800519487809
KLRK1	454.630304505943	1622.61443194472	589.596102502594	534.336417070341	434.533074469736	868.393358426773	671.034874383189	1946.81943248143	603.703312057735	749.518860184467	1266.96219314416	1028.34709412935	675.446305600586
KYNU	31.4895449008445	166.438219813362	0	110.743298874682	18.8927423682494	162.947952839806	16.4239304918962	9.42769700959531	101.507636540681	126.854408858654	112.97752040776	112.539993233032	17.4533929095759
LOC689757	17.712869006725	91.1296716848829	17.4372229945314	26.7629638947148	18.8927423682494	13.910191096081	15.2507925996179	31.425656698651	33.8358788468937	39.7974616027151	24.2094686588056	19.6170630406202	8.72669645478793
LAG3	101.356972649593	813.838595741385	1484.34360740949	1374.13976687001	1545.87086083735	907.143176480142	1494.57767476256	751.07319509776	816.513181647409	303.455644720702	695.798062193822	756.805642567085	1582.15006725305
LAT	1526.25887941281	5143.13084571558	3167.03562638177	3121.11530661812	3276.22379421172	4428.40869394523	2516.38077893696	20535.0953697335	2038.16649159315	1788.39843077201	3045.01316908533	3400.97924504226	2878.93716043454
LCK	2424.69495736503	9809.09660497003	5502.53368121183	4771.19045985088	7113.67317053909	8402.74900711124	6983.68987273274	27965.6918961296	5224.08161038751	4482.18911300579	7842.0745514783	6160.79027175688	5527.48953446268
LEF1	781.334332852205	2507.33166121879	259.378692043655	512.187757295404	375.632171792253	3787.54631844721	403.559434943736	1517.85921854485	987.473411610661	1394.56938366181	2498.95515378116	2372.63215091291	481.713644304294
LILRA5	38.3778828479043	97.4581211074442	462.086409355083	278.703968834616	265.609730941859	166.922293152972	432.887882250694	155.557000658323	131.781843930007	92.8607437396685	154.223281826466	110.475039228756	300.198358044705
LILRB4	2100.94307385322	1930.80991882346	5430.60513635939	4135.33935214542	1844.82072537024	1893.7731592236	4188.10227543354	3257.26931681518	2524.33464555115	2058.68952415712	1691.07621816694	975.690767020321	5453.31261459698
LIME1	345.400945631138	906.866802253036	789.034340502548	681.071288079295	730.148925643521	768.041265519332	817.677110917977	900.345064416352	593.018297685032	785.170752870233	821.328640424666	835.273894729566	781.03933270352
LST1	118.085793378167	408.184987755205	278.995567912503	464.198994449709	237.826286282669	342.786852010568	107.928686089604	241.977556579613	142.46685830271	116.075929674586	156.016575801192	275.671359570821	191.114652359856
LTA	13.7766758941195	141.757267065373	8.71861149726572	44.2973195498728	17.7814045818818	106.313603377191	15.2507925996179	0	32.9454609825018	43.1139167362747	69.9384650143274	40.2666030833783	43.6334822739397
LTB	49.2024139075696	170.868134409155	217.965287431643	155.963479248511	220.044881700787	210.640036597799	143.122822857953	425.817648266722	131.781843930007	77.1075818552605	110.28757944567	78.4682521624808	157.953205831662
LTC4S	876.78701583289	331.610749742213	5467.65923522277	2722.43943066927	3183.98275794321	1982.20223119155	1774.95763101707	2638.18387985175	876.171178561669	983.328947100418	975.551922251131	1089.26323725549	3984.60960125617
LY86	502.848670135361	1734.62798672406	845.705315234775	829.65188073616	801.274543971049	944.899409455219	400.040021266901	1264.8826821207	867.266999917749	1237.03776481773	1128.87855709023	1964.80373506843	824.67281497746
LY9	177.12869006725	770.172294725711	253.929559857864	322.078427560534	387.856887442297	844.547316547777	407.078848620571	460.385870635238	360.619235078736	754.493542884807	651.862359813026	723.766378498672	526.219796223712
MAST1	2.95214483445417	21.5167280367085	0	0	22.2267557273522	19.8717015658301	25.8090336301227	0	16.9179394234469	38.9683478193252	15.2429987851739	15.4871550320686	0
MAK	1.96809655630278	3.79706965353679	0	26.7629638947148	2.22267557273522	24.8396269572876	25.8090336301227	0	0	7.46202405050908	1.79329397472634	18.5845860384823	0
MAN1A1	3563.23881518619	4883.66441939056	8255.43526147348	7621.90754504999	11136.7159571898	7611.8552847912	11515.5215506038	1354.44580371186	8222.11855979517	4778.18273367598	5662.32572519843	3938.89976315611	7928.20372917484
MANEA	71.8355243050516	42.4006111311608	50.1320161092779	86.7489174518343	74.45963168663	74.5188808718627	122.006340796944	0	82.8088613884504	58.0379648372928	60.9719951406957	72.2733901496534	106.465696748413
MAP3K13	17.712869006725	36.7050066508556	32.6947931147465	8.30574741560115	4.44535114547045	36.7626478967856	16.4239304918962	48.7097678829091	46.3017289483809	19.0696170179676	15.2429987851739	34.0717410705509	1.74533929095759
MAP4K1	2000.57014948178	4609.0097144514	7798.79798430419	7082.95682385987	10317.6600086369	4945.07293465681	6103.83645352401	5237.0856888302	5876.7579049868	3267.53742033959	4277.90277670969	3966.77664221383	8253.70950693843
MAP4K2	208.618234968095	751.186946458028	354.19359207642	452.201803738285	821.278624125665	985.636397665171	988.95524319061	315.827849821443	597.470387006992	567.11382783869	694.004768219095	788.81242963336	1023.64149414662
MAP9	115.133648543713	65.8158739946376	21.7965287431643	57.2173710852524	72.2369561138948	63.5894450106562	1.1731378922783	64.4225962322346	143.357276167102	153.386049927131	69.9384650143274	119.767332247997	84.6489556114429
MARCO	499.896525300907	21.5167280367085	0	0	0	4.96792539145751	0	0	0	0	44.8323493681586	28.9093560598614	0
MEFV	133.830565828589	212.003055655804	415.22387255728	326.692731680312	561.225582115644	204.67852612805	471.601432695878	18.8553940191906	308.084581079611	152.556936143741	217.885217929251	163.131366337789	364.775911810136
MICAL3	87.5802967554739	244.910992653123	68.6590655409676	280.549690482528	102.24307634582	138.108325882519	122.006340796944	295.40117296732	123.76808315048	140.949343176283	199.055631194624	180.683475374133	63.7048841199519
MMP12	3012.17177942141	4884.93010927508	15107.1740718872	16250.6562490356	3858.56479426835	1746.72256763646	6522.64668106737	9331.84875666443	3097.76375021956	2061.17686550729	1077.76967881053	1070.67865121701	2756.76341006751
MMP9	420.188614770644	136.061662585068	549.27252432774	2219.48028161342	377.854847364988	449.100455387759	178.316959626302	168.127263337783	525.346539991244	363.980950908165	201.745572156714	276.703836572959	385.719983301627
MNDA	4530.55827260901	751.186946458028	2386.71989737649	1191.41332372679	732.371601216257	1276.75682560458	1406.59233284169	3422.2540144831	812.951510189841	1969.9743493344	2071.25454080893	1163.60158140942	1073.38366393892
MROH7	0	15.1882786141471	39.2337517376957	29.5315463665819	34.451471377396	22.8524568007046	112.621237658717	383.393011723543	15.137103694663	41.4556891694949	33.1759385324374	13.4222010277928	67.1955627018671
MS4A1	3160.76306942227	7618.82025982156	0	1516.26033375919	40.008160309234	3793.50782891696	51.6180672602453	9356.98928202335	2422.82700901047	8367.41630197084	5179.03299900968	8799.80148922137	114.319723557722
MS4A2	1.96809655630278	0	1.08982643715822	32.3001288384489	10.0020400773085	9.93585078291503	21.1164820610095	0	16.9179394234469	3.31645513355959	0.896646987363172	0	0
MS4A6BL	83.6441036428683	274.654704939161	103.53351153003	118.126185466328	57.7895648911158	186.793994718803	63.3494461830284	886.203518901959	82.8088613884504	242.93033853324	294.10021185512	201.333015416892	49.7421697922912
MSC	28.5374000663904	20.2510381521962	7.62878506010751	13.8429123593353	50.0102003865426	21.8588717224131	35.1941367683491	0	35.6167145756776	15.7531618844081	23.3128216714425	15.4871550320686	43.6334822739397
MXD1	1316.65659616656	2183.94789572591	8293.57918677402	5516.86200560708	12829.2834058277	3859.0844440842	6794.81467207593	2063.09436226644	8618.35450944959	2767.58180895548	4030.42820819746	2911.58514602889	10559.3027102934
MZB1	91.5164898680794	536.019666090943	7.62878506010751	194.723633854649	395.63625194687	594.163876818319	17.5970683841745	835.922468184118	479.935228907256	356.518926857656	467.153080416213	429.510432889369	667.592278791277
NAALADL1	13.7766758941195	12.6568988451226	15.257570120215	15.6886340072466	17.7814045818818	5.96151046974902	22.2896199532878	177.554960347378	17.8083572878388	13.2658205342384	9.86311686099489	10.3247700213791	13.9627143276607
NFE2	6.88833794705974	12.6568988451226	345.474980579154	436.513169731038	260.053042010021	95.3841675159843	153.681063888458	0	68.5621755581794	10.7784791840687	24.2094686588056	40.2666030833783	115.192393203201
NKG7	828.568650203472	1643.49831503917	5016.47109023927	3915.69847604397	4107.5044584147	1504.28780853334	4904.88952761559	5347.07548727547	3088.85957157564	982.499833317028	2000.41942880724	1225.55020153769	5008.25109540279
NLRP3	564.843711658899	562.599153665701	5830.57143879645	3754.19783185172	4668.73004053034	1540.05687135183	4687.8590175441	683.50803319566	2424.60784473925	1163.24663809603	1297.44819071451	747.513349547844	4110.27403020512
NME8	17.712869006725	77.207082955248	11.9880908087404	29.5315463665819	0	31.7947225053281	28.1553094146793	92.7056872610206	0	45.6012580864444	65.4552300775116	58.8511891218606	65.4502234109095
NOD2	256.836600597513	413.247747293254	2179.65287431643	1639.00082334529	2091.53771394385	607.080482836108	2061.20327673298	252.976536424141	1292.8867390971	515.708773268516	694.901415206458	311.808054645648	1309.87713786367
NPAS1	6.88833794705974	6.96129436481744	0	0	17.7814045818818	11.923020939498	8.21196524594812	0	7.12334291513552	17.4113894511878	17.0362927599003	5.16238501068953	43.6334822739397
NPL	69.8674277487488	81.0041526087848	569.979226633747	625.699638641953	321.17662026024	208.652866441216	371.884711852222	0	66.7813398293955	84.5696059057695	136.290342079202	165.196320342065	307.179715208535
NR4A3	1052.93165762199	1158.73908927098	2259.21020422898	1758.97273045953	3132.8612197703	1782.49163045496	2597.32729350416	1508.43152153525	1778.1644751907	1867.16424019405	1707.21586393948	1311.24579271514	3298.69125990984
NTN3	0.984048278151392	5.69560448030518	0	0.922860823955684	0	0	1.1731378922783	0	0	0	0	3.09743100641372	0
NTRK1	50.186462185721	5.69560448030518	105.713164404347	112.589020522593	73.3482939002624	38.7498180533686	130.218306042892	9.42769700959531	28.4933716605421	60.5253061874625	60.9719951406957	19.6170630406202	77.6675984476126
ORC1	30.5054966226931	5.69560448030518	23.9761816174807	42.4515979019614	153.364614518731	109.294358612065	84.4659282440378	0	42.7400574908131	121.879726158315	46.6256433428849	98.085315203101	117.810402139637
OSM	109.229358874804	182.892188312022	901.286463529844	602.628118043061	1023.54210124457	576.279345409072	522.046362063845	28.2830910287859	915.349564594914	154.215163710521	328.172797374921	152.80659631641	897.1043955522
P2RX1	55.1067035764779	77.207082955248	314.959840338724	193.800773030694	569.004946620218	124.198134786438	307.362127776915	0	382.879681688534	222.202493948493	142.566870990744	58.8511891218606	424.990117348172
P2RX5	0	1.89853482676839	0	0	8.8907022909409	0	5.86568946139152	0	0	0	0.896646987363172	3.09743100641372	28.7980983008002
P2RY10	3358.5567733307	8877.54884996901	1752.44091095041	2069.05396730864	1721.46223108343	5086.1620157742	2770.95170156135	5053.24559714309	3426.32794218018	9910.39705285944	6422.6823704824	10066.6507708446	2839.66702638799
P2RY13	6.88833794705974	56.3231998607957	165.653618448049	191.955051382782	131.137858791378	67.5637853238222	95.0241692745426	0	79.2471899308826	43.1139167362747	34.0725855198005	42.3315570876541	104.720357457455
P2RY14	118.085793378167	152.515631083728	844.615488797617	798.274612721666	506.770030583631	98.3649227508588	732.038044781661	944.340983794464	409.592217620292	428.651826012577	299.4800937793	281.866221583648	526.219796223712
P2RY2	1529.21102424726	527.159836899357	2107.72432946399	1264.31932881929	1884.82888567947	950.860919924968	1195.42751223159	3.1425656698651	1847.61706861328	440.259418980036	841.951521134019	310.77557764351	1363.98265588335
PADI4	10.8245310596653	0	54.4913218579108	27.6858247186705	24.4494313000875	22.8524568007046	0	0	0	0.829113783389897	4.48323493681586	3.09743100641372	6.98135716383035
PAQR5	97.4207795369878	283.514534130747	152.57570120215	71.0602834445876	196.706788187067	560.381984156407	49.2717914756887	207.409334211097	64.1100862362197	102.810109140347	225.955040815519	292.190991605027	77.6675984476126
PASK	51.1705104638724	27.8451774592698	0	48.9116236696512	20.004080154617	6.95509554804052	16.4239304918962	0	77.4663542020988	43.1139167362747	26.002762633532	53.6888041111711	52.3601787287276
PBXIP1	5194.7908603612	5828.50191817897	2925.09415733265	4281.15136233042	3816.33395838638	5278.91752096275	3697.73063646121	3236.84263996106	3511.80805716181	6908.17604320462	7323.81259278239	5140.70299364463	3311.78130459202
PDCD1	0	0	0	1.84572164791137	10.0020400773085	0.993585078291503	4.69255156911321	0	0	1.65822756677979	0	0	0.872669645478793
PDCD1LG2	84.6281519210197	207.573141060011	82.8268092240244	60.9088143810751	43.3421736683369	172.883803622721	102.062996628212	460.385870635238	181.645244335956	149.240481010182	171.259574586366	169.326228350617	109.956375330328
PDE6C	19.6809655630278	15.8211235564033	1.08982643715822	3.69144329582273	6.66802671820567	13.910191096081	17.5970683841745	94.2769700959531	3.56167145756776	17.4113894511878	12.5530578230844	16.5196320342065	12.2173750367031
PDK1	726.227629275727	647.400375928022	258.288865606497	298.084046137686	285.613811096476	796.855232789785	258.090336301227	254.547819259073	471.031050263336	722.987219115991	786.359407917502	785.714998626946	325.50577776359
PGLYRP1	17.712869006725	7.59413930707357	236.492336863333	319.309845088667	75.5709694729976	45.7049136014091	7.03882735366982	0	52.5346539991244	19.8987308013575	21.5195276967161	30.9743100641372	32.2887768827154
PIK3IP1	1779.15928689772	6348.06761577125	1159.57532913634	2460.34695666585	1393.61758410499	5360.39149738266	1762.05311420201	4200.03901777471	2519.88255622919	4415.0308965512	5407.67798078729	4621.36706156927	1942.56263083579
PIRB	101.356972649593	134.795972700556	583.057143879645	605.396700514929	311.174580182931	273.235896530163	649.91839232218	314.25656698651	177.193155013996	167.480984244759	202.642219144077	137.319441284341	320.269759890717
PKD2L2	27.553351788239	11.3912089606104	9.80843793442394	0.922860823955684	5.55668893183806	9.93585078291503	0	7.85641417466276	13.3562679658791	12.4367067508485	14.3463517978108	13.4222010277928	17.4533929095759
PLA1A	348.353090465593	96.8252761651881	179.821362131106	105.206133930948	56.6782271047482	51.6664240711581	73.9076872135331	98.9908186007508	171.850647827644	66.3291026711918	106.700991496217	88.7930221838599	63.7048841199519
PLA2G7	308.007111061386	533.488286321919	2595.96657331087	2648.61056475281	1199.13347149065	842.560146391194	1579.0436030066	1574.42540060242	942.062100526672	686.506212646835	528.125075556908	514.173547064677	1151.05126238653
PLEKHF1	255.852552319362	101.888035703237	382.529079442534	474.350463513221	619.01514700676	210.640036597799	279.206818362236	1.57128283493255	184.316497929132	147.582253443402	198.158984207261	194.105676401926	570.725948143131
PNOC	0	1.89853482676839	4.35930574863286	0	0	0	0	0	0	6.63291026711918	0	0	0
PPBP	0	5.06275953804905	9.80843793442394	1.84572164791137	23.3380935137199	0	15.2507925996179	0	6.23292505074358	2.48734135016969	2.68994096208952	1.03247700213791	13.9627143276607
PPFIBP1	1690.59494186409	786.626263224371	980.843793442394	1450.73721525833	1500.30601159628	1220.12247614197	2462.41643589216	523.23718403254	1166.44740235344	1203.04409969874	1193.43714018038	744.41591854143	1371.83668269266
PRF1	785.27052596481	2518.7228701794	4471.55787166016	4022.75033162282	3869.67817213203	2297.16870100995	4240.89348058607	4845.83626293199	2799.47376564826	1480.79721713436	2063.18471792266	1442.37037198665	4346.76750412987
PRG2	16.7288207285737	43.0334560734169	0	9.22860823955684	0	9.93585078291503	0	0	9.79459650831134	15.7531618844081	66.3518770648747	58.8511891218606	0
PRR5L	254.86850404121	129.733213162507	711.656663464315	327.615592504268	646.79859166595	377.562329750771	823.542800379369	197.981637201502	572.538686804017	340.765764973248	236.714804663877	98.085315203101	333.359804572899
PTGER2	307.023062783234	592.975710893995	1454.91829360622	1156.34461241647	1294.70852111827	748.169563953502	1049.95841358908	700.792144379918	1186.92701323446	416.215119261728	889.473811464267	458.41978894923	1096.94574436684
PTGIR	202.713945299187	15.8211235564033	262.64817135513	226.100901869142	280.057122164638	19.8717015658301	296.803886746411	0	178.083572878388	29.8480962020363	54.6954662291535	43.364034089792	179.769946968631
PTPRCAP	969.287553979121	2121.29624644255	785.764861191073	1268.01077211511	1449.18447342337	2320.02115781066	869.295178178223	2124.37439282881	1955.3576302047	1492.40481010182	2099.05059741719	2265.25454269056	1063.78429783865
PTPRG	203.697993577338	44.2991459579292	52.3116689835943	55.371649437341	77.7936450457329	60.6086897757817	113.794375550995	1.57128283493255	212.809869589674	47.2594856532242	60.9719951406957	131.124579271514	99.4843395845824
QPCT	139.734855497498	93.0282065116513	259.378692043655	299.006906961642	327.844646978446	159.967197604932	244.012681593887	446.244325120845	207.467362403322	81.2531507722099	79.8015818753223	103.247700213791	317.651750954281
RT1-DOB	2732.70206842641	5467.14745615072	2505.51097902674	3733.8948937247	3794.10720265903	4052.83353435104	1616.5840155595	8318.37132813293	4462.7743363324	3891.86009923218	4464.40535008123	4354.98799501769	3049.1077413029
RAB27B	2.95214483445417	6.96129436481744	11.9880908087404	7.38288659164547	12.2247156500437	5.96151046974902	11.731378922783	0	10.6850143727033	7.46202405050908	8.06982288626855	19.6170630406202	1.74533929095759
RALGPS2	1121.81503709259	1566.92407702618	260.468518480813	847.186236391318	296.727188960152	1059.16169345874	350.768229791213	2358.49553523376	884.184939341196	1742.79717268556	1398.76930028655	1181.15369044576	253.07419718885
RASA3	977.159940204332	2087.12261956072	1113.8026187757	1516.26033375919	1454.7411623552	3173.51074006306	1146.1557207559	736.931649583367	1148.6390450656	1508.98708576961	2105.32712632873	1956.54391905133	1208.64745898813
RASGRP2	2139.32095670113	4788.10483310989	1511.58926833844	2374.52090003797	1463.63186464615	3559.02175044016	1200.1200638007	6302.41545091447	2113.85201006647	3550.26522047554	3341.80332190254	3781.96325883115	1734.86725521184
RASGRP3	596.333256559743	305.031262167455	307.331055278617	278.703968834616	274.5004332328	489.837443597711	117.31378922783	568.804386245584	129.110590336831	207.278445847474	160.499810738008	324.197778671302	242.602161443105
RASSF4	2091.10259107171	1261.89281485873	8257.6149143478	3074.04940459638	6400.19431169108	2457.13589861489	6437.00761493105	2782.74190066555	5744.0856431924	2875.36660079616	2871.96030052424	1306.08340770445	4402.61836144051
RCAN3	130.878420994135	297.437122860382	134.04865177046	186.417886439048	291.170500028314	313.972884740115	231.108164778826	336.254526675566	333.906699146977	322.52526173867	353.27891302109	216.82017044896	233.875464988317
RENBP	532.370118479903	387.301104660752	1075.65869347516	1188.64474125492	1162.45932454052	485.863103284545	769.578457334567	2064.66564510137	625.073340803142	415.386005478339	467.153080416213	551.342719141642	959.063940381194
RGS1	36289.732401667	82753.3360291807	95226.8544260105	75971.7487496798	30369.5276880677	77160.8235950398	86759.4128234419	127869.425823976	52105.4725884875	71077.4373086657	87224.0256367147	74196.8948046363	94672.4391594124
RNASE2	287.342097220206	44.2991459579292	301.881923092826	226.100901869142	334.512673696651	538.523112433994	62.1763082907501	94.2769700959531	99.7268008118972	301.797417153923	335.345973273826	215.787693446822	399.682697629287
RNASE6	0	1.26568988451226	1.08982643715822	0	12.2247156500437	0	1.1731378922783	0	0	0.829113783389897	1.79329397472634	0	0.872669645478793
RRP9	1568.57295537332	1902.33189642193	928.532124458799	1231.09633915688	785.715814961902	1286.6926763875	897.450487592902	1345.01810670226	1329.39387153717	1833.99968885845	1929.58431680555	1484.70192907431	887.505029451933
RSAD2	147.607241722709	82.269842493297	730.183712896004	444.81891714664	266.721068728227	166.922293152972	117.31378922783	32.9969395335836	284.043298741029	332.474627139349	374.798440717806	198.235584410478	613.486760771592
S1PR5	23.6171586756334	82.269842493297	603.763846185651	458.661829505975	940.191767267	196.729845501718	757.847078411784	0	215.481123182849	53.8923959203433	125.530578230844	65.0460511346881	556.76323381547
SAMSN1	1251.70940980857	2693.38807424209	3216.07781605389	1624.235050162	2421.60503649503	2341.88002953307	2639.56025762618	6184.56923829452	1828.91829346104	2355.5122586107	2398.53069119649	2137.22739442546	2322.17392661907
SCN9A	1.96809655630278	6.32844942256131	2.17965287431643	0.922860823955684	6.66802671820567	1.98717015658301	1.1731378922783	1.57128283493255	2.67125359317582	6.63291026711918	4.48323493681586	7.22733901496534	1.74533929095759
SEC31B	0	44.2991459579292	0	43.3744587259171	2.22267557273522	20.8652866441216	0	94.2769700959531	0	15.7531618844081	24.2094686588056	28.9093560598614	27.9254286553214
SELL	1319.60874100102	7020.14894444726	1376.45079013083	3255.85298691565	721.25822335258	5503.46774865663	472.774570588156	2622.47105150243	1307.13342492737	2945.01215860092	4198.99784182174	5511.36223741214	608.250742898719
SH2D1A	279.469710994995	980.909660497003	76.2878506010751	69.2145617966763	54.455551532013	565.349909547865	95.0241692745426	1041.76051956028	189.659005115483	386.367023059692	660.828829686658	477.004374987712	77.6675984476126
SIGLEC1	28.5374000663904	39.2363864198801	991.742057813976	1267.08791129115	907.962971462339	334.838171384236	741.423147919888	31.425656698651	417.60597839982	216.398697464763	218.781864916614	233.339802483167	1487.02907589586
SIGLEC5	486.119849406787	232.254093808	3398.07883105932	2934.69742017907	3597.40041447196	1148.58435050498	3572.20488198743	1231.88574258712	717.676798699903	716.354308848871	886.783870502177	644.265649334053	3431.33704602262
SIK1	3219.80596611135	4171.08101441016	6653.3903988509	7262.91468453123	14327.3667418513	5904.8761202864	11372.3987277459	395.963274403003	8164.2413986097	4422.49292060171	5501.82591446042	5847.9497401091	15028.2439647903
SIRPA	1508.54601040608	1091.02468044957	4870.43434766006	4549.70386210152	6788.05119913338	2956.90919299551	4394.57454447452	1542.99974390377	3576.80856126242	1488.25924118487	1083.14956073471	1575.55990526244	4385.16496853094
SIT1	990.936616098451	1963.71785582077	1251.12074985763	1578.09200896422	1654.78196390137	1585.76178495324	1191.90809855476	4519.00943326602	1293.77715696149	1659.88579434657	1460.63794241461	2604.93947639394	1763.66535351264
SKA1	14.7607241722709	29.7437122860382	0	0	24.4494313000875	26.8267971138706	5.86568946139152	75.4215760767625	70.3430112869632	4.14556891694949	35.8658794945269	87.760545181722	20.0714018460122
SKAP1	820.696263978261	3384.45475118579	1384.07957519093	1553.17476671742	1734.79828451984	3401.04172299181	1879.36690342984	3243.12777130079	1800.4249218005	2097.65787197644	2658.55831753181	3078.84642037523	1573.42337079826
SLAMF1	1218.25176835142	3369.8993175139	1210.79717168278	979.15533421698	1862.60212995212	2272.32907405267	1489.88512319344	1563.42642075789	2774.54206544528	2217.05025678459	2508.81827064216	1177.02378243721	1440.77758468549
SLAMF8	70.8514760269002	49.3619054959782	234.312683989016	294.392602841863	258.941704223654	160.960782683223	147.815374427066	21.9979596890557	180.754826471564	112.759474541026	39.4524674439796	34.0717410705509	253.07419718885
SLC12A8	50.186462185721	16.4539684986594	0	64.6002576768979	8.8907022909409	8.94226570462352	1.1731378922783	12.5702626794604	9.79459650831134	21.5569583681373	5.37988192417903	24.7794480513097	2.61800893643638
SLC15A3	486.119849406787	729.037373479063	1649.99722585754	1275.39365870675	1079.10899056295	669.676342768473	872.814591855058	628.513133973021	1421.10691156954	559.651803788181	638.412655002579	496.621438028333	815.073448877193
SLC2A6	169.256303842039	162.641150159826	893.657678469737	496.499123288158	896.849593598663	231.50532324192	558.413636724472	160.27084916312	723.019305886255	209.765787197644	257.33768537323	162.098889335651	396.192019047372
SLC7A10	0.984048278151392	17.0868134409155	0	0	23.3380935137199	0	0	0	0	20.7278445847474	16.1396457725371	26.8444020555855	0
SLCO5A1	483.167704572333	501.846039209112	147.126569016359	472.50474186531	213.376854982582	565.349909547865	272.167991008566	1101.46926728772	744.389334631662	553.848007304451	417.837496111238	555.472627150193	238.238813215711
SMPD3	714.41904993791	178.462273716229	317.139493213041	446.664638794551	374.520834005885	582.240855878821	247.532095270722	213.694465550827	222.604466097985	234.639200699341	497.639077986561	298.385853617855	356.921885000826
SMPDL3B	124.974131325227	101.888035703237	193.989105814162	71.0602834445876	232.269597350831	122.210964629855	148.988512319344	3.1425656698651	74.7951006089229	87.8860610393291	107.597638483581	163.131366337789	178.897277323153
SOCS1	4320.95598936276	7063.18240052068	10651.9635967844	8345.43043103125	14720.7803182254	9086.33554097579	14003.7470201261	2265.78984797274	10451.7248922326	4327.97394929526	10567.8813930623	6062.70495655378	17547.6412312876
SPAG4	0	1.89853482676839	3.26947931147465	0	10.0020400773085	0	3.51941367683491	0	8.01376077952746	2.48734135016969	2.68994096208952	2.06495400427581	0
SPIB	703.594518878245	1524.52346589502	35.9642724262211	389.447267709299	148.91926337326	1263.84021958679	181.836373303137	238.834990909748	1235.89999577601	1164.07575187942	1375.45647861511	957.106180981839	227.766777469965
SPOCK2	65.9312346361432	0.632844942256131	4.35930574863286	13.8429123593353	10.0020400773085	0	0	3.1425656698651	16.9179394234469	4.97468270033938	31.382644557711	7.22733901496534	19.1987322005335
ST3GAL6	2847.83571697013	4882.39872950605	1527.93666489582	3873.246878142	1372.502166164	3624.5983656074	1424.18940122586	4852.12139427172	2879.61137344353	4259.1575052739	3687.90905902473	4155.71993360507	1093.45506578493
ST8SIA1	245.028021259696	603.734074912349	498.050681781304	362.684303814584	564.559595474747	599.131802209776	633.494461830284	204.266768541232	320.550431181098	291.848051753244	434.873788871139	410.925846850886	572.471287434088
STAP1	674.073070533703	2016.87683097029	450.098318546343	713.371416917743	355.628091637636	1530.12102056891	452.831226419425	2218.65136292476	881.51368574802	1300.87952613875	1257.99572327053	1445.46780299307	413.645411956948
STEAP4	4022.78936108289	486.657760594965	1789.49500981379	2058.90249824513	1047.99153254466	962.783940864466	1222.40968375399	1071.614893424	756.855184733149	596.961924040726	945.962571668147	1039.70434115287	1130.97986054052
STXBP6	219.44276602776	60.1202695143325	204.887370185744	163.346365840156	140.028561082319	76.5060510284457	195.914028010477	262.404233433736	102.398054405073	71.3037853715312	69.0418180269643	51.6238501068953	198.096009523686
TBX21	1005.69734027072	1327.70868885336	5845.82900891667	4486.02646524858	7769.36246449598	2338.8992742982	9367.50606984225	1715.84085574635	4088.79883328779	1390.42381474486	1611.27463629162	1893.56282192092	8308.68769460359
TEC	2085.1983014028	4453.32985865639	3158.31701488451	2303.46061659339	2514.95741054991	3592.80364310207	2582.07650090455	2864.44860808204	2348.92232626594	3335.52475057756	2331.28216714425	4015.30306131432	2823.0863031239
TEP1	217.474669471458	248.075217364403	404.325608185698	311.926958497021	592.343040133937	385.511010377103	560.759912509029	212.123182715895	629.525430125101	258.683500417648	395.421321427159	287.028606594338	825.545484622938
TLR2	1023.41020927745	1560.59562760362	13336.2061115051	5783.56878373027	9378.57957915628	3693.15573600952	7285.18631104826	3937.63478434098	3529.61641444965	2256.8477183873	2201.26835397659	1215.22543151631	6243.07864375529
TLR7	102.341020927745	314.523936301297	1004.81997505987	1141.57883923318	876.845513444046	456.0555509358	1542.67632834597	202.695485706299	556.511165244962	615.202427275304	457.289963555218	441.900156915024	774.05797553969
TLR8	29.5214483445417	36.7050066508556	393.427343814116	389.447267709299	356.739429424004	169.903048387847	618.243669230666	37.7107880383812	260.002016402446	106.955678057297	79.8015818753223	110.475039228756	467.750929976633
TMEM156	382.794780200891	1373.2735246958	438.110227737603	518.647783063094	353.405416064901	1130.69981909573	478.640260049548	2625.61361717229	469.250214534552	1242.84156130146	1001.55468488466	1024.2171861208	413.645411956948
TMEM255A	0	12.6568988451226	4.35930574863286	0.922860823955684	2.22267557273522	2.98075523487451	3.51941367683491	0	0	0	0	2.06495400427581	0
TNFAIP6	20645.3328756162	3169.92031576096	2327.86926976995	737.365798340591	1096.89039514483	2528.67402425187	1293.97109518297	1971.95995784035	2254.53803264039	4027.00564592473	4273.41954177288	2608.03690740035	1012.2967887554
TNFRSF11A	951.574684972396	502.478884151368	1645.63792010891	1250.47641645995	2020.41209561632	808.778253729283	2255.94416685118	39.2820708733138	1106.78940543918	653.341661311239	763.943233233423	691.759591432397	1584.76807618949
TNFRSF13B	168.272255563888	461.34396290472	0	169.806391607846	228.935583991728	401.408371629767	12.9045168150613	590.80234593464	139.795604709535	284.386027702735	409.76767322497	448.095018927851	211.186054205868
TNFRSF17	0	39.8692313621363	0	0	65.5689293956891	105.320018298899	0	7.85641417466276	66.7813398293955	68.8164440213615	44.8323493681586	36.1366950748267	84.6489556114429
TNFRSF26	3091.87968995167	4996.94366405441	224.504246054592	1076.97858155628	250.051001932713	3181.45942068939	337.863712976151	2176.22672638158	3445.02671733242	6159.48629680355	4179.27160809975	3180.02916658475	266.164241871032
TNFRSF4	280.453759273147	444.88999440606	76.2878506010751	176.266417375536	190.038761468862	409.357052256099	62.1763082907501	1329.30527835294	385.55093528171	614.373313491914	1099.28920650725	495.588961026195	157.953205831662
TNFSF14	10.8245310596653	56.3231998607957	128.599519584669	45.2201803738285	91.1296984821442	67.5637853238222	32.8478609837925	98.9908186007508	31.1646252537179	28.1898686352565	46.6256433428849	29.9418330619993	53.2328483742064
TPSAB1	20.6650138411792	31.6422471128066	27.2456609289554	216.872293629586	6.66802671820567	68.5573704021137	0	141.41545514393	78.3567720664907	16.5822756677979	9.86311686099489	6.19486201282743	0
TPSB2	37.3938345697529	24.048107805733	21.7965287431643	56.2945102612967	0	5.96151046974902	16.4239304918962	306.400152811848	23.1508644741904	4.97468270033938	14.3463517978108	0	24.4347500734062
TRAF4	2377.46064001376	3092.08038786346	2491.34323534368	3482.87674960875	5264.40709402338	3304.66397039754	3558.12722728009	370.822749044082	5177.77988143913	3299.0437441084	3123.91810397329	3921.34765411977	5152.2415869068
TRAT1	1665.00968663215	5264.63707462875	1115.98227165001	1189.56760207888	432.310398897001	3274.85641804879	1205.9857532621	12072.1660207868	1183.36534177689	3357.91082272908	5725.09101431385	4674.0233886783	1097.81841401232
TREM1	374.92239397568	817.002820452665	1805.84240637116	1412.89992147615	1385.83821960041	1020.41187540537	1014.76427682073	1971.95995784035	1027.5422155083	712.208739931922	714.627648928448	619.486201282743	1209.52012863361
TREM2	159.415821060525	143.022956949886	1497.42152465539	1179.41613301536	1443.62778449153	1071.08471439824	854.044385578605	441.530476616047	318.769595452314	202.303763147135	371.211852768353	279.801267579372	1674.6530496738
TRIB2	793.142912190022	2544.03666786965	716.015969212947	1140.65597840923	1379.17019288221	3422.90059471423	1343.24288665866	2085.0923219555	1652.61555631144	1799.17690995608	3019.90705343916	3262.62732675578	1461.72165617698
TRPM4	423.140759605098	115.177779490616	176.551882819631	99.6689689872138	280.057122164638	143.076251273976	295.630748854132	34.5682223685161	48.9729825415567	72.1328991549211	94.1479336731331	338.652456701233	233.002795342838
TSHR	0	1.26568988451226	0	4.61430411977842	11.1133778636761	4.96792539145751	0	0	0	0.829113783389897	0	0	0
TTC38	55.1067035764779	70.2457885904305	49.0421896721197	61.8316752050308	57.7895648911158	70.5445405586967	2.34627578455661	0	25.8221180673663	55.5506234871231	34.9692325071637	67.1110051389639	53.2328483742064
TXK	683.913553315217	1755.51186981851	1313.24085677565	1025.29837541476	1380.28153066857	1967.29845501718	1540.33005256141	2947.72659833347	1161.99531303148	1526.3984752208	1282.20519192934	1698.42466851685	1743.59395166663
UBASH3A	147.607241722709	591.710021009483	217.965287431643	175.34355655158	156.698627877833	354.709872950066	179.49009751858	567.233103410651	356.167145756776	355.689813074266	562.197661076709	329.360163681992	178.897277323153
UPK3A	0	3.16422471128066	13.0779172458986	0	0	6.95509554804052	0	0	0	13.2658205342384	9.86311686099489	1.03247700213791	0
VILL	34.4416897352987	0	0	0	6.66802671820567	3.97434031316601	0	1.57128283493255	0	0	13.4497048104476	78.4682521624808	0
VNN1	286.358048942055	79.7384627242725	236.492336863333	178.112139023447	112.245116423129	59.6151046974902	202.952855364146	135.130323804199	57.8771611854761	79.5949232054301	122.840637268755	93.9554071945494	107.338366393892
VNN3	63.9631380798405	0	16.3473965573732	0.922860823955684	2.22267557273522	0	15.2507925996179	0	0	0	7.17317589890538	0	0
VPREB3	2.95214483445417	4.42991459579292	0	1.84572164791137	0	3.97434031316601	0	12.5702626794604	2.67125359317582	9.94936540067877	7.17317589890538	3.09743100641372	1.74533929095759
WNT5B	654.392104970675	41.7677661889047	65.3895862294929	178.112139023447	54.455551532013	66.5702002455307	125.525754473778	0	49.8634004059486	70.4746715881413	50.2122312923376	100.150269207377	29.670767946279
WNT7A	28.5374000663904	1.26568988451226	0	0	25.5607690864551	0	0	1.57128283493255	0	0	0	9.29229301924115	0
ZAP70	861.042243382468	2540.87244315837	2561.09212732181	1930.62484371529	2989.49864532888	2517.74458839067	3749.34870372146	5933.16398470532	2065.7694453893	2222.02493948493	2835.19777404235	1861.55603485464	2977.54883037364
ZBP1	74.7876691395058	478.430776345635	188.539973628371	439.281752202905	124.469832073173	333.844586305945	111.448099766439	174.412394677513	223.494883962377	179.917690995608	516.468664721187	432.607863895782	259.182884707202
ZBTB10	401.491697485768	506.908798747161	390.157864502641	803.8117776654	544.55551532013	802.816743259534	427.022192789302	975.766640493115	991.035083068229	745.373291267518	655.448947762479	892.060129847151	703.371734255907
ZBTB32	42.3140759605098	55.0575099762834	0	51.6802061415183	8.8907022909409	45.7049136014091	12.9045168150613	201.124202871367	18.6987751522307	38.1392340359353	39.4524674439796	18.5845860384823	51.4875090832488
ZFP286A	9.84048278151392	30.3765572282943	45.772710360645	0	0	19.8717015658301	0	4.71384850479766	56.9867433210841	76.2784680718706	28.6927035956215	49.5588961026195	0.872669645478793
ZFP36L2	3017.09202081217	3641.38979774178	9285.32124458799	9600.52115161098	21801.1133551735	7859.25796928579	22978.2518960551	1038.61795389042	8411.77756491066	5050.13205462786	5482.9963277258	6066.83486456233	22338.5975849662
